id_people,country_code,country,city,street_address
1,CN,China,Shishan,1467 Eagan Parkway
2,CN,China,Zhongshanmen,324 Morrow Plaza
3,TN,Tunisia,Al Ḩammāmāt,0836 Center Parkway
4,RU,Russia,Spasskoye-Lutovinovo,2 Merry Lane
5,LY,Libya,Zliten,9 Stang Junction
6,,,,
7,PH,Philippines,Balindong,0469 Messerschmidt Park
8,MK,Macedonia,Crnilište,4 1st Hill
9,MK,Macedonia,Gorobinci,449 Merchant Junction
10,ID,Indonesia,Mekarsari,40 Grover Point
11,ML,Mali,Ansongo,23 Anderson Plaza
12,CN,China,Huayang,87801 Warner Street
13,ID,Indonesia,Pedaringan,523 Thierer Alley
14,PE,Peru,Cuenca,3542 Reindahl Center
15,,,,
16,,,,
17,SD,Sudan,Geneina,0421 Ilene Trail
18,VE,Venezuela,Alto Barinas,33 Killdeer Parkway
19,ID,Indonesia,Banjarjo,07963 Hoffman Center
20,PL,Poland,Malczyce,1193 Laurel Hill
21,,,,
22,ID,Indonesia,Tonggakjati,569 High Crossing Way
23,CN,China,Yuhuazhai,3721 Kim Circle
24,SE,Sweden,Ljungskile,9781 2nd Lane
25,RU,Russia,Kultuk,9 Ronald Regan Court
26,CN,China,Golmud,54583 Columbus Place
27,RU,Russia,Voskresensk,21 Harbort Pass
28,UA,Ukraine,Chornyanka,538 Sundown Alley
29,CN,China,Mengxingzhuang,9532 Lotheville Alley
30,PH,Philippines,Balut,6 Schiller Park
31,PT,Portugal,Malpique,5 Messerschmidt Drive
32,BW,Botswana,Lenchwe Le Tau,016 Steensland Crossing
33,ID,Indonesia,Cimongkor,29975 Kropf Drive
34,BR,Brazil,Jaguarão,06 Northport Terrace
35,CN,China,Xiabaishi,0382 Walton Junction
36,FI,Finland,Siilinjärvi,64 Crest Line Trail
37,PH,Philippines,San Nicolas,971 Lakewood Gardens Lane
38,ID,Indonesia,Singaparna,63 Oakridge Drive
39,CN,China,Chongxing,9 Basil Street
40,,,,
41,NZ,New Zealand,Kawakawa,420 Hoffman Center
42,RU,Russia,Yelets,00 Rowland Lane
43,LB,Lebanon,Zghartā,39655 Susan Drive
44,PH,Philippines,Paitan Este,464 Knutson Way
45,AR,Argentina,Ingenio La Esperanza,98 Hoffman Pass
46,BR,Brazil,Cassilândia,2469 Longview Center
47,,,,
48,CN,China,Yinjiang,22599 Anniversary Street
49,PH,Philippines,Torrijos,54 Lillian Park
50,GE,Georgia,Khashuri,79617 Clemons Plaza
51,CV,Cape Verde,São Domingos,84066 Monica Parkway
52,RS,Serbia,Palilula,3742 Scoville Court
53,IE,Ireland,Naas,1195 Texas Alley
54,PL,Poland,Mazańcowice,64869 Bonner Street
55,CA,Canada,Toronto,3 Lawn Alley
56,ID,Indonesia,Karanggeneng,925 Dunning Way
57,ZM,Zambia,Mporokoso,42496 Mallard Parkway
58,CN,China,Jiguan,0 Porter Circle
59,CN,China,Hedian,299 Boyd Terrace
60,PL,Poland,Iwkowa,38027 Farmco Plaza
61,PL,Poland,Skaryszew,8850 Village Green Circle
62,RU,Russia,Moscow,30 Redwing Crossing
63,TH,Thailand,Mae Lan,961 Texas Lane
64,PL,Poland,Polanica-Zdrój,0 Bayside Point
65,,,,
66,,,,
67,PT,Portugal,Bombarral,70150 Fremont Place
68,VN,Vietnam,Gò Dầu,3 Continental Trail
69,CN,China,Xinshao,7 Fuller Drive
70,CN,China,Nanhe,4 Rowland Parkway
71,SN,Senegal,Joal-Fadiout,49635 Gerald Trail
72,CN,China,Nanlang,5187 Gulseth Lane
73,,,,
74,CN,China,Hualin,0237 Graedel Parkway
75,,,,
76,,,,
77,CN,China,Ansheng,04874 Butterfield Junction
78,BR,Brazil,Venâncio Aires,67090 Rockefeller Crossing
79,VE,Venezuela,Cantaura,313 Fairview Park
80,BF,Burkina Faso,Garango,50 Ludington Parkway
81,FR,France,Argenteuil,71 Bellgrove Drive
82,ID,Indonesia,Lampa,3409 Merry Center
83,CN,China,Yishui,717 Northfield Crossing
84,,,,
85,PS,Palestinian Territory,Wādī as Salqā,456 Debra Drive
86,CO,Colombia,Montelíbano,4716 Moose Crossing
87,AM,Armenia,Jermuk,123 Maywood Alley
88,RU,Russia,Vol’sk,00 Southridge Junction
89,PL,Poland,Libiąż,3 Menomonie Lane
90,CA,Canada,Sarnia,69952 Meadow Vale Center
91,CN,China,Hecheng,8 Lotheville Drive
92,,,,
93,CN,China,Beibao,0115 Iowa Parkway
94,CN,China,Huolianpo,2961 Forest Run Terrace
95,CN,China,Songshan,8 Marcy Park
96,,,,
97,SI,Slovenia,Kobarid,6928 Vernon Place
98,,,,
99,,,,
100,PL,Poland,Rączna,7240 Manufacturers Point
101,NZ,New Zealand,Methven,4 Blackbird Place
102,PH,Philippines,Molugan,0102 Acker Lane
103,VE,Venezuela,Guarenas,78 East Street
104,CN,China,Yajiang,68 Wayridge Circle
105,US,United States,Lexington,770 Cherokee Way
106,US,United States,Bronx,8363 Riverside Hill
107,CN,China,Huangshapu,317 Melvin Road
108,CZ,Czech Republic,Nový Malín,783 Jackson Parkway
109,RU,Russia,Povorino,84 Brown Parkway
110,CN,China,Majiang,08 Homewood Place
111,PH,Philippines,Aloleng,107 Bayside Circle
112,DK,Denmark,København,2354 Lindbergh Plaza
113,US,United States,Boston,54839 Summer Ridge Terrace
114,,,,
115,CN,China,Haodian,3318 Kinsman Trail
116,,,,
117,RU,Russia,Podporozh’ye,803 Kedzie Court
118,CN,China,Tangdukou,82821 Prairieview Court
119,PT,Portugal,Vaiamonte,6 Anderson Trail
120,PL,Poland,Maszkienice,9771 Prairie Rose Hill
121,UA,Ukraine,Barvinkove,749 Meadow Valley Terrace
122,CN,China,Daming,8256 Stuart Road
123,,,,
124,CN,China,Zhujiang,7451 Oak Valley Lane
125,YE,Yemen,Mūdīyah,60880 Dayton Center
126,CO,Colombia,San Francisco,6078 Rieder Junction
127,,,,
128,CN,China,Wuxi,1 Dexter Pass
129,,,,
130,CZ,Czech Republic,Lysice,54 Rusk Avenue
131,TJ,Tajikistan,Khŭjand,52 Mayfield Terrace
132,CN,China,Yumendong,434 Westport Drive
133,CN,China,Yuyue,7 Schlimgen Court
134,BG,Bulgaria,Cherven Bryag,34344 Scott Plaza
135,,,,
136,SE,Sweden,Stockholm,1039 Mcguire Pass
137,CN,China,Shanglu,6 Coleman Road
138,MN,Mongolia,Jargalant,1 Express Center
139,,,,
140,BD,Bangladesh,Gafargaon,60 Express Parkway
141,BR,Brazil,Riachão das Neves,511 Hintze Place
142,,,,
143,CO,Colombia,Dos Quebradas,15 Melrose Street
144,CN,China,Pingdu,41 Charing Cross Junction
145,,,,
146,FR,France,Dijon,800 Ruskin Parkway
147,CN,China,Licheng,48429 Aberg Center
148,DE,Germany,Berlin,21944 Nova Lane
149,,,,
150,PH,Philippines,Dahay,6937 Buhler Center
151,PL,Poland,Piława Górna,92 Redwing Road
152,,,,
153,LV,Latvia,Priekule,1 Vidon Park
154,ID,Indonesia,Bringinanom,04 Bellgrove Point
155,ID,Indonesia,Bagorejo,47065 Graedel Hill
156,MX,Mexico,San Antonio,5 Cascade Point
157,CZ,Czech Republic,Záhorovice,24230 Burrows Street
158,US,United States,Kansas City,923 Starling Way
159,CN,China,Simapu,31 Johnson Plaza
160,US,United States,Nashville,11892 Meadow Ridge Road
161,PK,Pakistan,Jīwani,576 Barnett Terrace
162,RU,Russia,Sredniy,8246 Iowa Way
163,EE,Estonia,Jõgeva,4506 Carberry Point
164,SE,Sweden,Hallstavik,76 Tennessee Hill
165,PH,Philippines,Dimataling,57325 Graceland Alley
166,PH,Philippines,San Miguel,0785 Memorial Terrace
167,CN,China,Nanping,66875 Mayfield Park
168,CN,China,Sishan,775 Portage Trail
169,CN,China,Yuyang,5 Charing Cross Court
170,HR,Croatia,Ivanec,79 Old Shore Street
171,PT,Portugal,Custóias,90 Memorial Parkway
172,PT,Portugal,Ramada,257 Haas Plaza
173,SE,Sweden,Kungsbacka,1 2nd Plaza
174,LI,Liechtenstein,Schellenberg,90775 Clemons Circle
175,FR,France,Hayange,4737 Sommers Street
176,VN,Vietnam,Thị Trấn Tam Sơn,34320 Longview Crossing
177,PL,Poland,Zubrzyca Dolna,311 Holmberg Way
178,NG,Nigeria,Kankara,82 Garrison Crossing
179,MD,Moldova,Dnestrovsc,9 Stang Center
180,FI,Finland,Alastaro,4 Springview Plaza
181,SE,Sweden,Edsbyn,3998 2nd Pass
182,CN,China,Xujiadian,957 Linden Crossing
183,,,,
184,CN,China,Jagdaqi,90247 Prairie Rose Drive
185,AL,Albania,Karinë,575 Maple Terrace
186,CN,China,Suizhong,3006 Arrowood Road
187,,,,
188,,,,
189,ID,Indonesia,Cibitung,45 3rd Junction
190,PL,Poland,Olszanica,75 Becker Way
191,PE,Peru,Anta,98 Del Mar Avenue
192,SE,Sweden,Kalmar,44356 Graedel Drive
193,CO,Colombia,Heliconia,0 Ilene Pass
194,UA,Ukraine,Baryshivka,8 Summerview Center
195,,,,
196,SE,Sweden,Solna,6 Oak Pass
197,CN,China,Jieguanting,95699 Gale Terrace
198,SE,Sweden,Järfälla,2 Arapahoe Street
199,PH,Philippines,Batasan Bata,21038 Schmedeman Junction
200,ID,Indonesia,Ongabelen,67755 Karstens Place
201,,,,
202,LV,Latvia,Madona,5 North Terrace
203,AR,Argentina,Comodoro Rivadavia,1394 Fordem Road
204,,,,
205,MY,Malaysia,Kuching,49 Troy Hill
206,ID,Indonesia,Kiarajangkung,35603 Stephen Trail
207,PE,Peru,Santa,8 Crownhardt Lane
208,,,,
209,PL,Poland,Otwock,5508 Bowman Hill
210,,,,
211,CN,China,Shuangquan,16877 Mayer Park
212,CN,China,Dayushu,0339 Fallview Pass
213,,,,
214,ID,Indonesia,Oelaba,75891 Lakewood Crossing
215,TN,Tunisia,Carthage,9 Westend Center
216,,,,
217,ID,Indonesia,Pasirmukti,836 Moose Crossing
218,PL,Poland,Opatów,81232 Montana Junction
219,ML,Mali,Dioila,7 Stang Street
220,CN,China,Yangjiafang,22 Kensington Parkway
221,CN,China,Xianghua,373 Sloan Center
222,FR,France,Lyon,6 Anniversary Terrace
223,SE,Sweden,Stockholm,2 3rd Parkway
224,LU,Luxembourg,Ell,2930 Kenwood Road
225,RU,Russia,Novopokrovka,61 Mariners Cove Drive
226,,,,
227,,,,
228,CR,Costa Rica,Parrita,7319 Vera Drive
229,PT,Portugal,Estrada,51 Bluestem Park
230,AR,Argentina,Río Ceballos,97 Oxford Parkway
231,,,,
232,PL,Poland,Kamionka,83356 Donald Hill
233,CU,Cuba,Diez de Octubre,9 Ohio Lane
234,CN,China,Yabuli,916 Elka Trail
235,ID,Indonesia,Kuala Bhee,6793 Debs Drive
236,,,,
237,ID,Indonesia,Ngrambitan,2438 Rowland Place
238,,,,
239,NG,Nigeria,Bassa,1818 Corry Way
240,CG,Republic of the Congo,Dolisie,3 Grim Junction
241,PL,Poland,Zgłobień,88491 Westport Plaza
242,,,,
243,,,,
244,ID,Indonesia,Sumbersari Wetan,7304 Longview Hill
245,TH,Thailand,Tha Yang,5 Debs Lane
246,NG,Nigeria,Jega,63088 Memorial Drive
247,CN,China,Xi’an,9779 Twin Pines Crossing
248,DO,Dominican Republic,San Cristóbal,7954 Kingsford Alley
249,MA,Morocco,Settat,2 Dryden Hill
250,PL,Poland,Łukowa,6 Butterfield Place
251,CZ,Czech Republic,Lipník nad Bečvou,166 Memorial Hill
252,BR,Brazil,Itapira,0401 Brentwood Plaza
253,CN,China,Herong,14741 Fairview Court
254,BY,Belarus,Ivatsevichy,100 Warrior Circle
255,,,,
256,CN,China,Chaoyangdong,284 Autumn Leaf Road
257,,,,
258,CN,China,Zigong,84826 Jackson Drive
259,FR,France,Gennevilliers,6 Spenser Junction
260,PL,Poland,Trzcinica,52642 Melody Circle
261,,,,
262,CN,China,Menglie,76210 Daystar Court
263,CN,China,Qiaochong,885 Moulton Alley
264,HU,Hungary,Tatabánya,8024 3rd Park
265,,,,
266,BR,Brazil,Nobres,909 Farwell Pass
267,CN,China,Shijie,94 South Lane
268,PT,Portugal,Espinho,92 Hazelcrest Crossing
269,PA,Panama,La Loma,3699 American Ash Point
270,US,United States,Reading,74 Welch Circle
271,RU,Russia,Novaya Mayna,9 Hallows Circle
272,CZ,Czech Republic,Dubá,6990 Sommers Alley
273,HR,Croatia,Vođinci,24806 Merry Road
274,,,,
275,,,,
276,CN,China,Miaoya,0820 Grover Pass
277,PH,Philippines,Mamonit,099 Burning Wood Circle
278,ZA,South Africa,Emnambithi-Ladysmith,977 Stang Hill
279,PH,Philippines,Molave,814 Tomscot Junction
280,NG,Nigeria,Yajiwa,518 New Castle Avenue
281,CN,China,Yeniugou,5134 Washington Way
282,CN,China,Xijiang,15 Drewry Street
283,,,,
284,JP,Japan,Ōi,1 Crownhardt Place
285,ID,Indonesia,Kuangsan,720 Lillian Point
286,ID,Indonesia,Kopang Satu,926 Pierstorff Street
287,ID,Indonesia,Kuafeu,414 Ruskin Plaza
288,CN,China,Dolod,0334 Talmadge Park
289,CZ,Czech Republic,Fryčovice,03 Rusk Pass
290,CN,China,Tieremu,69431 Drewry Center
291,ID,Indonesia,Parang,9 Mayer Point
292,,,,
293,PL,Poland,Sabnie,36 Park Meadow Crossing
294,PK,Pakistan,Chīchāwatni,60583 Reinke Park
295,NG,Nigeria,Egbe,9 Esch Avenue
296,GE,Georgia,Bagdadi,86265 Cascade Point
297,ID,Indonesia,Karangjaladri,8 Bluestem Plaza
298,BR,Brazil,Jatobá,35 Holmberg Drive
299,NG,Nigeria,Zungeru,5 Victoria Court
300,PH,Philippines,Patique,49626 Corben Park
301,RU,Russia,Paratunka,2416 Hanover Hill
302,CN,China,Zangzhai,12353 Loeprich Way
303,US,United States,Mobile,92358 Sunnyside Center
304,,,,
305,CO,Colombia,El Tambo,67 2nd Drive
306,PK,Pakistan,Badīn,4677 Prairie Rose Trail
307,PT,Portugal,Figueiras,3 Rigney Plaza
308,SE,Sweden,Rättvik,98008 Jay Hill
309,,,,
310,ID,Indonesia,Mangseng,72450 Carberry Alley
311,CI,Ivory Coast,Daloa,46 Marcy Center
312,KG,Kyrgyzstan,Karakol,1757 Superior Pass
313,,,,
314,CN,China,Yuhuang,2 Jenna Crossing
315,BQ,"Bonaire, Saint Eustatius and Saba ",Oranjestad,96815 Forest Run Park
316,CN,China,Sanguanzhai,40 Clemons Parkway
317,GR,Greece,Ágios Athanásios,3780 Kim Park
318,CN,China,Heshui,00 Westend Terrace
319,BO,Bolivia,San Juan del Surutú,34 Darwin Lane
320,ID,Indonesia,Terawas,3 Anderson Drive
321,PH,Philippines,Cabog,9804 Southridge Pass
322,ID,Indonesia,Kajar,18607 Hagan Court
323,NE,Niger,Maradi,25 Spenser Way
324,FR,France,Paris 11,36484 Sullivan Park
325,,,,
326,,,,
327,GB,United Kingdom,Walton,4 Sage Junction
328,FR,France,Balma,15 Dayton Center
329,,,,
330,SE,Sweden,Stockholm,7 Ilene Alley
331,,,,
332,US,United States,Aurora,46021 Holy Cross Crossing
333,PT,Portugal,Paderne,5 Burning Wood Alley
334,,,,
335,BI,Burundi,Ruyigi,400 Straubel Crossing
336,ID,Indonesia,Kurnia,93 Karstens Drive
337,CN,China,Damu,9460 Jay Junction
338,BR,Brazil,Campo Mourão,7116 Delladonna Avenue
339,UA,Ukraine,Kharkiv,029 Talisman Terrace
340,BR,Brazil,Alagoa Grande,5295 Eagle Crest Lane
341,BR,Brazil,Maricá,9 Pepper Wood Street
342,MY,Malaysia,Petaling Jaya,5956 Swallow Parkway
343,MN,Mongolia,Manhan,4812 Cardinal Court
344,ID,Indonesia,Blangpulo,7 Valley Edge Street
345,ID,Indonesia,Gambarjati,958 International Park
346,CN,China,Zhishan,943 Glacier Hill Trail
347,,,,
348,AZ,Azerbaijan,Digah,90 Homewood Plaza
349,YE,Yemen,Ad Dīs ash Sharqīyah,41423 Clemons Alley
350,PH,Philippines,Magdug,8411 Waubesa Parkway
351,MA,Morocco,Timoulilt,8953 Russell Park
352,CN,China,Jianshe,84 Mallard Trail
353,JP,Japan,Ōnojō,859 Mariners Cove Avenue
354,TM,Turkmenistan,Ashgabat,7 Jenifer Center
355,RU,Russia,Tygda,46645 La Follette Drive
356,,,,
357,BQ,"Bonaire, Saint Eustatius and Saba ",Dorp Antriol,92496 Bashford Lane
358,CN,China,Shigu,461 Towne Alley
359,ID,Indonesia,Pasirbatang,1898 Farragut Point
360,CN,China,Shima,8 Prentice Point
361,,,,
362,LS,Lesotho,Qacha’s Nek,724 Hoffman Plaza
363,RU,Russia,Psyzh,11522 Village Court
364,CN,China,Xibali,53 Glendale Road
365,ZA,South Africa,Hopetown,18314 Lakeland Park
366,PT,Portugal,São Pedro de Trafaria,32 Fuller Park
367,PT,Portugal,Fortios,2764 Lawn Pass
368,NG,Nigeria,Kura,171 Bartillon Drive
369,SY,Syria,Tartouss,44245 Glacier Hill Place
370,CN,China,Dushang,9310 Mifflin Plaza
371,IR,Iran,Hashtgerd,52442 Vernon Point
372,BJ,Benin,Dogbo,182 Laurel Point
373,RU,Russia,Semënov,312 Westport Avenue
374,BY,Belarus,Mar’’ina Horka,8597 Elgar Terrace
375,RU,Russia,Nizhniy Lomov,7989 Delladonna Trail
376,BR,Brazil,Tarauacá,0196 Northport Street
377,,,,
378,,,,
379,CN,China,Chuantang,80 Nelson Court
380,PT,Portugal,Pedroso,711 Namekagon Drive
381,ID,Indonesia,Bagok,41554 Grasskamp Junction
382,FR,France,Digne-les-Bains,24 Clarendon Alley
383,AF,Afghanistan,Nahrīn,8733 Scott Pass
384,BF,Burkina Faso,Léo,69625 Harbort Plaza
385,PT,Portugal,Azaruja,7850 Coleman Avenue
386,SE,Sweden,Västra Frölunda,7303 Loeprich Drive
387,,,,
388,AG,Antigua and Barbuda,Saint John’s,1694 Longview Center
389,GR,Greece,Gerakaroú,380 Fieldstone Drive
390,ID,Indonesia,Kalilu,7154 Comanche Court
391,NP,Nepal,Bhadrapur,4316 Dakota Hill
392,IQ,Iraq,Ramadi,80903 Farmco Drive
393,GT,Guatemala,San Cristóbal Verapaz,6 Clove Avenue
394,,,,
395,,,,
396,CN,China,Gejiu,54 Towne Junction
397,MK,Macedonia,Gevgelija,03 Mallory Point
398,CN,China,Sanxi,243 Waubesa Terrace
399,CN,China,Mengxi,621 Arkansas Trail
400,LA,Laos,Ban Nahin,1103 Eastlawn Point
401,CN,China,Sanlei,51 6th Terrace
402,RS,Serbia,Knjazevac,4787 Lindbergh Way
403,ID,Indonesia,Sumbergayam,60093 Dayton Drive
404,,,,
405,ML,Mali,Araouane,50168 Thierer Court
406,NL,Netherlands,Arnhem,86 Miller Point
407,CN,China,Yahe,01175 Michigan Way
408,CN,China,Baojia,33001 Kenwood Way
409,VE,Venezuela,Urachiche,6901 Texas Park
410,,,,
411,ZM,Zambia,Mbala,4010 Browning Way
412,CN,China,Xianyang,5963 Havey Court
413,SE,Sweden,Torsby,122 Schurz Alley
414,JP,Japan,Komatsu,0941 Lien Hill
415,PH,Philippines,Malusac,31284 Sachs Place
416,CN,China,Qukuhu,989 Kensington Street
417,ZM,Zambia,Isoka,88 Stuart Trail
418,CN,China,Lezhu,33923 Oxford Center
419,,,,
420,CN,China,Barkol,55 Independence Crossing
421,AR,Argentina,Contraalmirante Cordero,55 Loomis Center
422,,,,
423,CN,China,Gaojingzhuang,5 Holy Cross Junction
424,GR,Greece,Aravissós,40 Burrows Street
425,,,,
426,ID,Indonesia,Soreang,05 Hagan Crossing
427,,,,
428,CN,China,Taiping,51 Shelley Hill
429,,,,
430,CO,Colombia,Pradera,95 Kennedy Plaza
431,,,,
432,NL,Netherlands,Utrecht (stad),5 8th Place
433,BR,Brazil,Mongaguá,622 Hayes Court
434,,,,
435,FR,France,Bobigny,2 Loeprich Alley
436,BG,Bulgaria,Borino,3029 Waubesa Crossing
437,ID,Indonesia,Tinumpuk,06 Hovde Park
438,RU,Russia,Islamey,74944 Dixon Place
439,ID,Indonesia,Bojonggaling,527 Sunnyside Center
440,,,,
441,SA,Saudi Arabia,As Sulayyil,18246 Doe Crossing Hill
442,CN,China,Jinlong,958 School Park
443,,,,
444,,,,
445,GR,Greece,Lékhaio,388 Towne Park
446,ID,Indonesia,Guay,434 6th Plaza
447,CN,China,Chunmuying,3801 Weeping Birch Terrace
448,PE,Peru,Checacupe,73 Monica Drive
449,,,,
450,PK,Pakistan,Kotri,8 Delladonna Drive
451,ID,Indonesia,Terawas,972 Macpherson Street
452,,,,
453,MG,Madagascar,Beloha,2315 Kipling Avenue
454,ID,Indonesia,Cilegong,06 Pine View Point
455,PH,Philippines,Kotkot,9 Bunker Hill Pass
456,,,,
457,PL,Poland,Świnna,8 Sloan Way
458,PT,Portugal,Campo Maior,700 Northwestern Lane
459,BY,Belarus,Vawkavysk,290 Merry Lane
460,RU,Russia,Sapernoye,3415 Erie Drive
461,TN,Tunisia,Kasserine,619 Pond Park
462,,,,
463,,,,
464,GT,Guatemala,El Estor,19 Bay Plaza
465,GR,Greece,Psachná,9923 8th Center
466,CN,China,Niutang,28 Meadow Vale Street
467,MM,Myanmar,Paungde,694 Becker Circle
468,CN,China,Xiekou,41 Ronald Regan Lane
469,ID,Indonesia,Tangkanpulit,96003 Melrose Park
470,CN,China,Zhangting,025 Green Pass
471,PH,Philippines,Lanipao,69 4th Court
472,,,,
473,YE,Yemen,Matnah,76 Hauk Terrace
474,LU,Luxembourg,Dalheim,4 Texas Lane
475,PL,Poland,Płock,5193 Village Green Terrace
476,ES,Spain,Donostia-San Sebastian,043 Onsgard Hill
477,MK,Macedonia,Сарај,8 Mcbride Pass
478,ID,Indonesia,Demak,84 Veith Drive
479,UA,Ukraine,Kulykiv,70217 Menomonie Park
480,ZA,South Africa,Molteno,9862 Elmside Drive
481,CN,China,Xinpu,9578 Oneill Drive
482,,,,
483,CN,China,Sidaohezi,60 Sutherland Crossing
484,HN,Honduras,Cololaca,5 Jenna Crossing
485,CN,China,Liurenba,707 Mariners Cove Terrace
486,PH,Philippines,Magallanes,8 Jackson Pass
487,ML,Mali,Bamako,96791 Reinke Road
488,PA,Panama,Quebrada Canoa,67732 Del Mar Lane
489,CN,China,Taiping,54421 Farmco Lane
490,CO,Colombia,Calarcá,2112 Union Plaza
491,GR,Greece,Plomárion,442 Sheridan Alley
492,FR,France,Domont,84075 Comanche Park
493,DO,Dominican Republic,Piedra Blanca,43 Express Road
494,CN,China,Shuiyin,4557 Bunting Point
495,CA,Canada,Fort Erie,99397 Moose Junction
496,CZ,Czech Republic,Šardice,34891 Corscot Way
497,MM,Myanmar,Pyin Oo Lwin,80 Commercial Point
498,,,,
499,GR,Greece,Pentaplátano,86092 8th Drive
500,CN,China,Daming,7 Melrose Center
501,CN,China,Danxi,7369 Schiller Crossing
502,CN,China,Taishihe,0514 Northridge Circle
503,RU,Russia,Nerekhta,7036 Springs Avenue
504,ID,Indonesia,Sumberjati,66 Summer Ridge Circle
505,OM,Oman,Shināş,7606 Anniversary Parkway
506,ZA,South Africa,Atlantis,8822 Northview Pass
507,,,,
508,NG,Nigeria,Wudil,49 Talmadge Alley
509,RU,Russia,Bilyarsk,84308 Cambridge Place
510,JP,Japan,Hondo,66 Butternut Trail
511,RU,Russia,Kamensk-Ural’skiy,49 Summit Junction
512,ID,Indonesia,Ciputih,474 Pleasure Parkway
513,,,,
514,AF,Afghanistan,Amānzī,5646 Shoshone Court
515,SZ,Swaziland,Tshaneni,33 La Follette Plaza
516,ID,Indonesia,Bangkle,98 Ilene Terrace
517,PH,Philippines,Maddarulug Norte,288 Bartillon Trail
518,MX,Mexico,Magisterial,0 Bashford Terrace
519,ID,Indonesia,Cimadang,187 Victoria Parkway
520,ID,Indonesia,Cijapar,5 Messerschmidt Parkway
521,,,,
522,CN,China,Nonghe,84085 Loeprich Alley
523,GR,Greece,Agriá,0 Grover Drive
524,PT,Portugal,Mem Martins,66319 Anthes Terrace
525,ID,Indonesia,Besuk Selatan,1 Warner Parkway
526,JP,Japan,Naze,5523 Haas Center
527,RU,Russia,Pokrovskoye,50317 Oriole Street
528,,,,
529,CN,China,Guanshan,9 Bonner Alley
530,,,,
531,CA,Canada,Niverville,05 Mallory Terrace
532,SI,Slovenia,Ormož,07 Valley Edge Drive
533,,,,
534,IE,Ireland,Castlepollard,0993 Nevada Parkway
535,AL,Albania,Arras,3 Sycamore Circle
536,YE,Yemen,Al Madān,2311 6th Place
537,IE,Ireland,Bantry,000 Claremont Court
538,CN,China,Xijiang,73 Maple Wood Way
539,,,,
540,PL,Poland,Mełgiew,14371 Village Green Court
541,,,,
542,RU,Russia,Pashkovskiy,798 Vernon Alley
543,CN,China,Doushaguan,2 Miller Place
544,,,,
545,PL,Poland,Pułtusk,447 Acker Pass
546,,,,
547,PE,Peru,Querecotillo,201 Bobwhite Alley
548,BR,Brazil,Ibirité,32670 Fieldstone Circle
549,,,,
550,PH,Philippines,Nangka,0 Westridge Alley
551,UA,Ukraine,Semypolky,7 Manley Avenue
552,,,,
553,SE,Sweden,Åhus,247 Tennessee Terrace
554,,,,
555,CI,Ivory Coast,Duekoué,73 Village Green Avenue
556,CZ,Czech Republic,Čáslav,98 Beilfuss Plaza
557,,,,
558,SV,El Salvador,La Unión,9207 Crownhardt Place
559,CO,Colombia,Cabuyaro,9438 Lindbergh Road
560,,,,
561,CL,Chile,Llaillay,88 Portage Terrace
562,,,,
563,,,,
564,SE,Sweden,Eskilstuna,38658 7th Trail
565,AL,Albania,Divjakë,5990 Quincy Lane
566,,,,
567,CN,China,Henghe,16121 Hagan Junction
568,CZ,Czech Republic,Brniště,65884 Northwestern Center
569,,,,
570,,,,
571,,,,
572,CN,China,Huqiu,6 Annamark Street
573,,,,
574,PE,Peru,Cuispes,1310 Vermont Drive
575,,,,
576,DO,Dominican Republic,Ciudad Nueva,17 Colorado Alley
577,,,,
578,TJ,Tajikistan,Ishqoshim,96811 Declaration Road
579,CN,China,Tangcun,54 Clove Alley
580,,,,
581,PL,Poland,Brzeźnica,5 Sage Pass
582,CA,Canada,Hope,6 Harper Circle
583,CN,China,Nanshi,8 Vera Junction
584,TH,Thailand,Nai Harn,48 Sunnyside Circle
585,ID,Indonesia,Banyuurip,5079 Bellgrove Street
586,,,,
587,JP,Japan,Saitama,91 Talisman Park
588,CN,China,Nanyuan,50830 La Follette Park
589,PT,Portugal,Braga,855 Mesta Drive
590,BR,Brazil,Sidrolândia,160 Moose Place
591,GR,Greece,Zipárion,480 Moose Pass
592,RS,Serbia,Stari Grad,8 Golf Course Park
593,GR,Greece,Malesína,1163 Red Cloud Alley
594,ID,Indonesia,Tutnae,94331 Oak Valley Plaza
595,,,,
596,CN,China,Julun,2 Springs Hill
597,MX,Mexico,La Paz,0 Rutledge Road
598,NI,Nicaragua,Laguna de Perlas,4583 Badeau Parkway
599,AT,Austria,Graz,23945 Westridge Street
600,FR,France,Chennevières-sur-Marne,71 Twin Pines Street
601,,,,
602,CN,China,Pingkai,020 Pankratz Road
603,PL,Poland,Krzanowice,468 Gulseth Road
604,ID,Indonesia,Pandat,49 Pearson Place
605,PH,Philippines,Bolinao,066 Elmside Pass
606,,,,
607,AM,Armenia,Drakhtik,406 Clyde Gallagher Circle
608,,,,
609,LK,Sri Lanka,Trincomalee,71155 Forest Run Alley
610,ID,Indonesia,Bulakbanjar,430 Algoma Trail
611,UA,Ukraine,Kozelets’,35 Packers Crossing
612,ID,Indonesia,Woha,84 8th Avenue
613,HT,Haiti,Chardonnière,457 Kingsford Plaza
614,CN,China,Dongxiang,685 Meadow Ridge Parkway
615,CM,Cameroon,Lolodorf,91 Lillian Center
616,FI,Finland,Kauhava,9 Anzinger Lane
617,RU,Russia,Pervomayskiy,753 Fieldstone Alley
618,FR,France,Loudun,8189 Schurz Road
619,,,,
620,PL,Poland,Środa Wielkopolska,5 Bultman Hill
621,CZ,Czech Republic,Stráž,8 Sutteridge Park
622,ID,Indonesia,Bangbayang,29819 Texas Pass
623,,,,
624,ID,Indonesia,Masaran,08075 Fordem Avenue
625,ID,Indonesia,Kumanis,50596 Judy Place
626,,,,
627,IL,Israel,West Jerusalem,781 Florence Trail
628,SE,Sweden,Visby,7140 Dovetail Way
629,HR,Croatia,Bistrinci,52 Goodland Alley
630,CN,China,Dawan,8364 Birchwood Circle
631,,,,
632,BR,Brazil,Piracuruca,34605 Haas Terrace
633,CO,Colombia,Guacarí,56 Lukken Road
634,,,,
635,CN,China,Jinchang,26 Miller Road
636,,,,
637,KP,North Korea,Aoji-ri,35 Autumn Leaf Center
638,PT,Portugal,Pombal,700 Sunbrook Terrace
639,MK,Macedonia,Крушево,7 Killdeer Drive
640,,,,
641,,,,
642,CN,China,Nan’ao,8292 Doe Crossing Plaza
643,SE,Sweden,Timrå,98 Caliangt Circle
644,CN,China,Maquanzhen,6352 Claremont Trail
645,PE,Peru,Vischongo,00982 Anhalt Alley
646,CN,China,Jiaocha,6630 Schmedeman Point
647,RU,Russia,Krivodanovka,21073 Briar Crest Park
648,NO,Norway,Ulset,9060 Golf Course Point
649,AR,Argentina,Villa Constitución,8972 Kropf Avenue
650,CN,China,Mahekou,46 1st Park
651,ID,Indonesia,Tarikolot,79 Cascade Point
652,CN,China,Xiangyang,46291 Rieder Alley
653,SS,South Sudan,Malakal,8 Maywood Hill
654,CN,China,Guohe,23061 Cordelia Avenue
655,CN,China,Jianshe,9345 Duke Street
656,PE,Peru,Mocupe,01 Hansons Place
657,PH,Philippines,Cavinti,5 Farwell Center
658,,,,
659,PL,Poland,Bogdaniec,7 Orin Court
660,CN,China,Yangchao,0 Schiller Terrace
661,SE,Sweden,Perstorp,54 Melvin Park
662,CN,China,Wan’an,6323 Kennedy Junction
663,,,,
664,,,,
665,,,,
666,CN,China,Gaoyi,4 Mesta Crossing
667,NC,New Caledonia,Mont-Dore,440 New Castle Alley
668,,,,
669,FR,France,Saint-Jean-de-Monts,44385 Columbus Trail
670,RU,Russia,Rossosh’,17496 Nova Road
671,,,,
672,,,,
673,CI,Ivory Coast,Zuénoula,95 Bartelt Circle
674,,,,
675,US,United States,Dallas,89 Sunbrook Alley
676,TH,Thailand,Mueang Nonthaburi,13 Russell Lane
677,BR,Brazil,Rio Formoso,978 Mockingbird Avenue
678,PE,Peru,Muquiyauyo,2 Thompson Road
679,,,,
680,FI,Finland,Siikajoki,9 Green Point
681,,,,
682,CN,China,Manisi,2687 Helena Alley
683,BG,Bulgaria,Kaynardzha,9886 Bashford Park
684,RU,Russia,Mishkino,12172 Oakridge Court
685,MU,Mauritius,Chamouny,46497 Lakewood Point
686,RU,Russia,Yartsevo,30639 Amoth Court
687,CN,China,Yeping,3416 Haas Plaza
688,ID,Indonesia,Cimrutu,84 John Wall Center
689,ID,Indonesia,Glempang Tengah,95 Logan Court
690,CN,China,Tanzhou,89732 East Parkway
691,MX,Mexico,Las Flores,92163 Westerfield Lane
692,NI,Nicaragua,La Paz de Oriente,278 Randy Court
693,CA,Canada,Princeville,0378 Clove Crossing
694,RU,Russia,Nagornyy,8 Springs Center
695,RU,Russia,Voskresensk,15 Green Lane
696,CN,China,Dake,8274 Toban Plaza
697,BG,Bulgaria,Velingrad,88 Harbort Alley
698,FI,Finland,Karkkila,0090 Northfield Lane
699,UA,Ukraine,Bilyayivka,86 Sundown Street
700,,,,
701,,,,
702,,,,
703,NL,Netherlands,Rosmalen,03 Lerdahl Alley
704,,,,
705,BW,Botswana,Maunatlala,10424 Prentice Junction
706,,,,
707,RU,Russia,Tomilino,0739 Burrows Avenue
708,PT,Portugal,Burgau,53 Buhler Junction
709,VE,Venezuela,La Unión,3 Kipling Street
710,CN,China,Baitu,628 Straubel Road
711,FR,France,Paris 19,7 Kropf Plaza
712,FR,France,Saint-Gratien,00 Straubel Pass
713,CN,China,Guli,715 Shasta Circle
714,FR,France,Villeurbanne,9 Mcguire Place
715,AL,Albania,Saraqinishtë,85 Havey Circle
716,MN,Mongolia,Bayanbulag,84874 Oak Place
717,TN,Tunisia,Tāklisah,96 Northland Court
718,PT,Portugal,Pinhal General,4 Forest Plaza
719,,,,
720,SE,Sweden,Hörby,7390 Bashford Circle
721,,,,
722,CN,China,Dongfu,060 Melvin Junction
723,AL,Albania,Frashër,9205 Lakewood Gardens Way
724,RU,Russia,Rybatskoye,66663 Cottonwood Plaza
725,PH,Philippines,Nangka,40 Atwood Junction
726,CN,China,Sanjia,87 Maple Hill
727,MX,Mexico,Parque Industrial,0171 Fair Oaks Alley
728,,,,
729,PL,Poland,Gostynin,02984 Weeping Birch Place
730,CN,China,Huangbu,0204 Meadow Valley Crossing
731,,,,
732,PL,Poland,Tokarnia,99650 Forest Court
733,ID,Indonesia,Jeruk,7 Fuller Trail
734,,,,
735,PH,Philippines,Talangnan,643 Meadow Ridge Point
736,,,,
737,,,,
738,CN,China,Zhoushizhuang,1 Oxford Road
739,PL,Poland,Solec-Zdrój,5588 American Ash Plaza
740,RU,Russia,Svecha,0256 Grayhawk Park
741,FI,Finland,Savonranta,6 Namekagon Center
742,ID,Indonesia,Sendangrejo,8 Stone Corner Lane
743,PH,Philippines,Santa Teresa,61359 Muir Trail
744,UA,Ukraine,Voyinka,2 Ramsey Trail
745,CZ,Czech Republic,Hradec Králové,6943 Oakridge Place
746,PL,Poland,Jelcz,416 Schmedeman Pass
747,,,,
748,HR,Croatia,Ljubešćica,9288 Katie Trail
749,US,United States,San Diego,215 Kensington Lane
750,JP,Japan,Hachiōji,82 Old Shore Place
751,GR,Greece,Mégara,716 Sutherland Place
752,PE,Peru,Aguas Verdes,6 Talmadge Drive
753,CN,China,Simapu,4193 Prairieview Drive
754,PH,Philippines,La Paz,70 Oak Crossing
755,,,,
756,TH,Thailand,Phayakkhaphum Phisai,308 Vera Hill
757,PE,Peru,Saño,9 Clarendon Road
758,CN,China,Caigongzhuang,04 Moland Parkway
759,PE,Peru,Canchayllo,6 Dwight Point
760,UA,Ukraine,Khust,8 Melody Circle
761,CN,China,Nankou,0 Randy Court
762,FR,France,Bayeux,276 Knutson Parkway
763,CN,China,Hezhai,529 Talisman Alley
764,CN,China,Yingmaili,31534 Graceland Hill
765,CN,China,Yunxiang,80 Cascade Parkway
766,,,,
767,RU,Russia,Vypolzovo,9321 Spenser Hill
768,RU,Russia,Pashiya,056 Fuller Street
769,BR,Brazil,João Monlevade,7 Bonner Way
770,PL,Poland,Lututów,8 Dixon Park
771,TZ,Tanzania,Newala Kisimani,12 Saint Paul Terrace
772,ID,Indonesia,Sriwing,36 Autumn Leaf Parkway
773,NO,Norway,Drammen,81601 Algoma Street
774,PH,Philippines,Getulio,1275 Mandrake Point
775,,,,
776,RU,Russia,Tyret’ Pervaya,95471 Schlimgen Court
777,CN,China,Xiongji,0045 Corry Terrace
778,CN,China,Qinghaihu,9 Hoffman Point
779,RU,Russia,Mayrtup,75 Maryland Road
780,CZ,Czech Republic,Jindřichův Hradec,604 Little Fleur Plaza
781,,,,
782,BR,Brazil,Campo Alegre,373 Hazelcrest Plaza
783,FR,France,Troyes,13940 Dorton Junction
784,ID,Indonesia,Brondong,22 Emmet Center
785,PY,Paraguay,San Juan Bautista,83 Maple Wood Road
786,,,,
787,PH,Philippines,Tugdan,289 Truax Way
788,ID,Indonesia,Sumberkertokrajan,0220 Luster Drive
789,PH,Philippines,Sagbayan,7 Raven Terrace
790,DE,Germany,Heilbronn,90 Aberg Trail
791,BR,Brazil,Piraí,62 Express Junction
792,CZ,Czech Republic,Vrdy,1955 Stoughton Road
793,,,,
794,,,,
795,BR,Brazil,Embu,31 Truax Point
796,TZ,Tanzania,Bungu,0 Buell Way
797,BR,Brazil,Raposos,72798 Elka Circle
798,,,,
799,US,United States,Richmond,519 Morrow Trail
800,MX,Mexico,Juarez,49 Superior Hill
801,PH,Philippines,Luzon,6 Express Terrace
802,MK,Macedonia,Sedlarevo,02612 Arapahoe Lane
803,ID,Indonesia,Banjar Parekan,99 Grayhawk Place
804,,,,
805,CN,China,Lanxi,34 Vernon Circle
806,NG,Nigeria,Ijero-Ekiti,54295 Knutson Hill
807,BR,Brazil,Bom Despacho,95434 American Ash Hill
808,CN,China,Liebu,6406 Towne Avenue
809,CN,China,Taipingxu,6 Montana Lane
810,,,,
811,FR,France,Vernon,1 Grasskamp Alley
812,PT,Portugal,Ronfe,94977 Bellgrove Park
813,JP,Japan,Yukuhashi,5255 Crescent Oaks Road
814,CN,China,Jinfeng,77 Kingsford Road
815,AR,Argentina,San Vicente,1579 Dryden Alley
816,EG,Egypt,Al Khārijah,1699 Knutson Junction
817,JP,Japan,Yashiro,8 Nobel Street
818,AM,Armenia,Voskehask,6466 Green Drive
819,,,,
820,FR,France,Morez,7810 Katie Court
821,US,United States,Washington,24047 Westend Parkway
822,CZ,Czech Republic,Velká Polom,51 Messerschmidt Center
823,CN,China,Dayuanhuizu,5635 Cordelia Terrace
824,FR,France,Bondoufle,2070 Loftsgordon Park
825,ID,Indonesia,Drajak,5657 Dwight Terrace
826,ET,Ethiopia,Kombolcha,4 Knutson Point
827,KG,Kyrgyzstan,Kant,80 Bonner Pass
828,,,,
829,HN,Honduras,Amapala,65 Melvin Junction
830,,,,
831,,,,
832,FR,France,Le Havre,54172 American Ash Place
833,LY,Libya,Mişrātah,32 Graedel Point
834,CN,China,Xinmin,1 Sycamore Crossing
835,,,,
836,FI,Finland,Pernå,345 Jenifer Court
837,CN,China,Dushi,7 Butterfield Avenue
838,ID,Indonesia,Kangin,36 Maple Point
839,CN,China,Yanwan,91626 Pond Hill
840,BI,Burundi,Kayanza,2642 Northport Avenue
841,CN,China,Long’anqiao,4118 Victoria Plaza
842,DO,Dominican Republic,Baitoa,16 1st Circle
843,RU,Russia,Nartkala,92 Mendota Trail
844,ET,Ethiopia,Mēga,5353 Loftsgordon Trail
845,BR,Brazil,Capitão Poço,43 Crownhardt Pass
846,MA,Morocco,Tadrart,42240 Granby Junction
847,,,,
848,CN,China,Qiaodi,827 Monterey Park
849,,,,
850,MA,Morocco,Souq Larb’a al Gharb,8 Delladonna Alley
851,CM,Cameroon,Bamusso,616 Dexter Road
852,ID,Indonesia,Keboncau,393 Little Fleur Alley
853,CN,China,Bailu,618 Raven Point
854,,,,
855,AF,Afghanistan,Shīnḏanḏ,925 Kensington Terrace
856,KZ,Kazakhstan,Shardara,537 Heffernan Point
857,MK,Macedonia,Извор,540 Rigney Road
858,CN,China,Minyue,370 Kim Place
859,PL,Poland,Rzepiennik Strzyżewski,09 Carberry Plaza
860,,,,
861,BF,Burkina Faso,Kongoussi,5 Namekagon Lane
862,NI,Nicaragua,Larreynaga,0 Golf Circle
863,CN,China,Datong,62 Hollow Ridge Point
864,CN,China,Taipingxu,6 Melrose Street
865,IE,Ireland,Stradbally,16379 Utah Court
866,CN,China,Canmang,24847 Blaine Trail
867,,,,
868,US,United States,Springfield,5 David Hill
869,TZ,Tanzania,Uyovu,9057 Garrison Road
870,CO,Colombia,San Francisco,58916 Westport Road
871,SI,Slovenia,Solčava,5820 Hallows Parkway
872,JP,Japan,Nobeoka,90 Hintze Avenue
873,CN,China,Paingar,3 Columbus Circle
874,,,,
875,ZA,South Africa,Mthatha,962 Kim Avenue
876,ID,Indonesia,Rowokangkung,6644 Jana Junction
877,ID,Indonesia,Oehaunu,28022 Monterey Court
878,VN,Vietnam,Thị Trấn Than Uyên,14 Graceland Park
879,PL,Poland,Karnice,4 Independence Hill
880,ID,Indonesia,Curug,5 Nova Hill
881,ZA,South Africa,Louis Trichardt,52239 4th Lane
882,,,,
883,BY,Belarus,Brahin,8372 Pepper Wood Park
884,PL,Poland,Markowa,7 Melody Way
885,GR,Greece,Gastoúni,646 Colorado Center
886,,,,
887,NG,Nigeria,Ngurore,5 3rd Street
888,LV,Latvia,Ikšķile,680 Norway Maple Point
889,CN,China,Zhanjia,0654 Orin Pass
890,JP,Japan,Tsukawaki,21907 Independence Place
891,,,,
892,CN,China,Maishi,64 Butterfield Court
893,,,,
894,KE,Kenya,Mumias,443 Union Park
895,,,,
896,BW,Botswana,Bokaa,36093 Anzinger Park
897,,,,
898,ID,Indonesia,Senadan,01264 Northridge Street
899,CN,China,Nanhai,6 Arrowood Park
900,,,,
901,ME,Montenegro,Lipci,5826 Dorton Road
902,PF,French Polynesia,Faaone,96010 Thierer Trail
903,BR,Brazil,Guarapuava,5 Lakeland Lane
904,,,,
905,RU,Russia,Murom,78 Oxford Street
906,ID,Indonesia,Wolonio,364 Maple Wood Drive
907,RU,Russia,Uchaly,30921 Holmberg Place
908,PH,Philippines,Lumbangan,2 Eagan Road
909,HU,Hungary,Miskolc,822 Scoville Point
910,AR,Argentina,San Antonio Oeste,20 Mallory Alley
911,CN,China,Huanshan,5634 Pepper Wood Alley
912,RU,Russia,Zhukovka,925 Harbort Street
913,CA,Canada,Greater Napanee,05688 Pleasure Pass
914,AR,Argentina,Bella Vista,863 Larry Way
915,US,United States,Huntington,74 Roth Drive
916,GT,Guatemala,Santa Ana Huista,1 Londonderry Drive
917,PT,Portugal,Lameira,27 Oakridge Circle
918,PH,Philippines,Maguilling,327 Clarendon Court
919,,,,
920,MX,Mexico,Emiliano Zapata,1 Weeping Birch Junction
921,CZ,Czech Republic,Hradec Králové,18 Maple Wood Avenue
922,CN,China,Sanxi,57 Valley Edge Circle
923,TZ,Tanzania,Mvomero,079 Crownhardt Street
924,,,,
925,ID,Indonesia,Halat,25462 Kensington Hill
926,PL,Poland,Szczerbice,45377 Westend Parkway
927,US,United States,Reno,0 Anthes Pass
928,VN,Vietnam,Ea Drăng,79 Barnett Crossing
929,,,,
930,,,,
931,SE,Sweden,Borlänge,674 Bunker Hill Drive
932,RU,Russia,Vatutino,4596 Marquette Trail
933,RU,Russia,Tarbagatay,229 Lukken Avenue
934,SH,Saint Helena,Edinburgh of the Seven Seas,26 Moose Drive
935,,,,
936,NO,Norway,Sarpsborg,5 Golf Course Court
937,PH,Philippines,San Luis,2 Brown Place
938,CN,China,Zhangcaizhuang,64585 Declaration Crossing
939,ID,Indonesia,Cipatujah,0903 Fallview Center
940,CN,China,Jiangbei,4 Forest Terrace
941,,,,
942,ID,Indonesia,Ketawang,394 Reindahl Lane
943,TH,Thailand,Ban Ko Lan,533 Graceland Court
944,,,,
945,BJ,Benin,Cotonou,0 Algoma Crossing
946,CN,China,Fukou,29116 Waxwing Plaza
947,,,,
948,CZ,Czech Republic,Kněžpole,2 Waubesa Way
949,VE,Venezuela,Urachiche,09336 Bultman Trail
950,ID,Indonesia,Panyingkiran,57833 Lakewood Street
951,,,,
952,AR,Argentina,Huanchillas,470 Blaine Trail
953,IR,Iran,Neqāb,420 Parkside Place
954,SE,Sweden,Knivsta,18 Vahlen Avenue
955,DJ,Djibouti,Djibouti,61951 Cody Trail
956,BZ,Belize,Placencia,3184 Upham Park
957,US,United States,Greensboro,9 Katie Parkway
958,ID,Indonesia,Halimpu,19414 Kropf Terrace
959,FI,Finland,Loppi,85 New Castle Court
960,CN,China,Baoluan,465 Sunnyside Terrace
961,AZ,Azerbaijan,Hacıqabul,3501 Boyd Circle
962,ID,Indonesia,Pamedaran,26 Oak Plaza
963,,,,
964,ID,Indonesia,Cikijing,331 Fairfield Court
965,SE,Sweden,Strömsund,585 Canary Circle
966,CN,China,Jindong,58 Carey Way
967,ID,Indonesia,Pasirjengkol,66162 Northport Avenue
968,,,,
969,,,,
970,PE,Peru,Mucllo,25482 Morrow Circle
971,LB,Lebanon,Sîr ed Danniyé,3057 Doe Crossing Junction
972,ID,Indonesia,Sumberjo,93302 Michigan Crossing
973,PK,Pakistan,Tāndo Mittha Khān,1335 Cherokee Crossing
974,CN,China,Mangxing,90706 David Terrace
975,CN,China,Wuma,67590 Kenwood Road
976,CN,China,Tangnan,4 Farwell Parkway
977,UA,Ukraine,Dobropillya,9 Dakota Avenue
978,GR,Greece,Anthoúsa,20652 Main Plaza
979,ID,Indonesia,Pulau Tiga,89303 Acker Crossing
980,,,,
981,MD,Moldova,Nisporeni,5127 Ilene Drive
982,KM,Comoros,Pajé,0990 Clyde Gallagher Hill
983,,,,
984,TH,Thailand,Uttaradit,17788 Reindahl Circle
985,GR,Greece,Próti,692 Darwin Plaza
986,CN,China,Hujiagou,270 Dapin Avenue
987,PL,Poland,Straszyn,675 Buell Point
988,IE,Ireland,Donnycarney,9 Independence Parkway
989,MG,Madagascar,Andovoranto,85687 Columbus Park
990,LS,Lesotho,Maputsoe,6 Amoth Point
991,RU,Russia,Shar’ya,3 Harper Center
992,,,,
993,MN,Mongolia,Hujirt,1 Butternut Avenue
994,,,,
995,MX,Mexico,Cuauhtemoc,9464 Southridge Park
996,RU,Russia,Turan,93303 Graedel Center
997,BY,Belarus,Hotsk,919 Corscot Hill
998,MG,Madagascar,Arivonimamo,3222 Moose Pass
999,ID,Indonesia,Pulaukijang,76429 Hansons Drive
1000,CN,China,Laojiangjunjie,01393 South Alley
